"1","1","1","1.jpg","1"," ","1","2024-03-01 00:00:00","2024-03-04 16:39:30"
"2","1","1","2.jpg","2"," ","1","2024-03-01 00:00:00","2024-03-04 16:39:30"
"3","1","1","3.jpg","3",,"1","2024-03-01 00:00:00","2024-03-04 16:39:30"
"4","1","1","4.jpg","4",,"1","2024-03-01 00:00:00","2024-03-04 16:39:30"
"5","1","1","5.jpg","5",,"1","2024-03-01 00:00:00","2024-03-04 16:39:30"
"6","1","1","6.jpg","6",,"1","2024-03-01 00:00:00","2024-03-04 16:39:30"
"7","1","1","7.jpg","7",,"1","2024-03-01 00:00:00","2024-03-04 16:39:30"
"8","1","1","8.jpg","8",,"1","2024-03-01 00:00:00","2024-03-04 16:39:30"
"9","1","1","9.jpg","9",,"1","2024-03-01 00:00:00","2024-03-04 16:39:30"
"10","1","1","10.jpg","10",,"1","2024-03-01 00:00:00","2024-03-04 16:39:30"
"11","1","1","11.jpg","11",,"1","2024-03-01 00:00:00","2024-03-04 16:39:30"
"12","1","1","12.jpg","12",,"1","2024-03-01 00:00:00","2024-03-04 16:39:30"
"13","1","1","13.jpg","13",,"1","2024-03-01 00:00:00","2024-03-04 16:39:30"
"14","1","1","14.jpg","14",,"1","2024-03-01 00:00:00","2024-03-04 16:39:30"
"15","1","1","15.jpg","15",,"1","2024-03-01 00:00:00","2024-03-04 16:39:30"
"16","1","1","16.jpg","16",,"1","2024-03-01 00:00:00","2024-03-04 16:39:30"
"17","1","1","17.jpg","17",,"1","2024-03-01 00:00:00","2024-03-04 16:39:30"
"18","1","1","18.jpg","18",,"1","2024-03-01 00:00:00","2024-03-04 16:39:30"
"19","2","1","19.jpg","19",,"1","2024-03-01 00:00:00","2024-03-04 16:39:30"
"20","2","1","20.jpg","20",,"1","2024-03-01 00:00:00","2024-03-04 16:39:30"
"21","2","1","21.jpg","21",,"1","2024-03-01 00:00:00","2024-03-04 16:39:30"
"22","2","1","22.jpg","22",,"1","2024-03-01 00:00:00","2024-03-04 16:39:30"
"23","3","1","23.jpg","23",,"1","2024-03-01 00:00:00","2024-03-04 16:39:30"
"24","3","1","24.jpg","24",,"1","2024-03-01 00:00:00","2024-03-04 16:39:30"
"25","3","1","25.jpg","25",,"1","2024-03-01 00:00:00","2024-03-04 16:39:30"
"26","3","1","26.jpg","26",,"1","2024-03-01 00:00:00","2024-03-04 16:39:30"
"27","3","1","27.jpg","27",,"1","2024-03-01 00:00:00","2024-03-04 16:39:30"
"28","3","1","28.jpg","28",,"1","2024-03-01 00:00:00","2024-03-04 16:39:30"
"29","3","1","29.jpg","29",,"1","2024-03-01 00:00:00","2024-03-04 16:39:30"
"30","3","1","30.jpg","30",,"1","2024-03-01 00:00:00","2024-03-04 16:39:30"
"31","3","1","31.jpg","31",,"1","2024-03-01 00:00:00","2024-03-04 16:39:30"
"32","3","1","32.jpg","32",,"1","2024-03-01 00:00:00","2024-03-04 16:39:30"
"33","3","1","33.jpg","33",,"1","2024-03-01 00:00:00","2024-03-04 16:39:30"
"34","4","1","34.jpg","34",,"1","2024-03-01 00:00:00","2024-03-04 16:39:30"
"35","4","1","35.jpg","35",,"1","2024-03-01 00:00:00","2024-03-04 16:39:30"
"36","4","1","36.jpg","36",,"1","2024-03-01 00:00:00","2024-03-04 16:39:30"
"37","4","1","37.jpg","37",,"1","2024-03-01 00:00:00","2024-03-04 16:39:30"
"38","4","1","38.jpg","38",,"1","2024-03-01 00:00:00","2024-03-04 16:39:30"
"39","4","1","39.jpg","39",,"1","2024-03-01 00:00:00","2024-03-04 16:39:30"
"40","4","1","40.jpg","40",,"1","2024-03-01 00:00:00","2024-03-04 16:39:30"
"41","4","1","41.jpg","41",,"1","2024-03-01 00:00:00","2024-03-04 16:39:30"
"42","4","1","42.jpg","42",,"1","2024-03-01 00:00:00","2024-03-04 16:39:30"
"43","4","1","43.jpg","43",,"1","2024-03-01 00:00:00","2024-03-04 16:39:30"
"44","5","1","44.jpg","44",,"1","2024-03-01 00:00:00","2024-03-04 16:39:30"
"45","5","1","45.jpg","45",,"1","2024-03-01 00:00:00","2024-03-04 16:39:30"
"46","5","1","46.jpg","46",,"1","2024-03-01 00:00:00","2024-03-04 16:39:30"
"47","5","1","47.jpg","47",,"1","2024-03-01 00:00:00","2024-03-04 16:39:30"
"48","5","1","48.jpg","48",,"1","2024-03-01 00:00:00","2024-03-04 16:39:30"
"49","5","1","49.jpg","49",,"1","2024-03-01 00:00:00","2024-03-04 16:39:30"
"50","5","1","50.jpg","50",,"1","2024-03-01 00:00:00","2024-03-04 16:39:30"
"51","5","1","51.jpg","51",,"1","2024-03-01 00:00:00","2024-03-04 16:39:30"
"52","5","1","52.jpg","52",,"1","2024-03-01 00:00:00","2024-03-04 16:39:30"
"53","5","1","53.jpg","53",,"1","2024-03-01 00:00:00","2024-03-04 16:39:30"
"54","5","1","54.jpg","54",,"1","2024-03-01 00:00:00","2024-03-04 16:39:30"
"55","5","1","55.jpg","55",,"1","2024-03-01 00:00:00","2024-03-04 16:39:30"
"56","5","1","56.jpg","56",,"1","2024-03-01 00:00:00","2024-03-04 16:39:30"
"57","5","1","57.jpg","57",,"1","2024-03-01 00:00:00","2024-03-04 16:39:30"
"58","5","1","58.jpg","58",,"1","2024-03-01 00:00:00","2024-03-04 16:39:30"
"59","5","1","59.jpg","59",,"1","2024-03-01 00:00:00","2024-03-04 16:39:30"
"60","5","1","60.jpg","60",,"1","2024-03-01 00:00:00","2024-03-04 16:39:30"
"61","5","1","61.jpg","61",,"1","2024-03-01 00:00:00","2024-03-04 16:39:30"
"62","6","1","62.jpg","62",,"1","2024-03-01 00:00:00","2024-03-04 16:39:30"
"63","6","1","63.jpg","63",,"1","2024-03-01 00:00:00","2024-03-04 16:39:30"
"64","6","1","64.jpg","64",,"1","2024-03-01 00:00:00","2024-03-04 16:39:30"
"65","6","1","65.jpg","65",,"1","2024-03-01 00:00:00","2024-03-04 16:39:30"
"66","6","1","66.jpg","66",,"1","2024-03-01 00:00:00","2024-03-04 16:39:30"
"67","6","1","67.jpg","67",,"1","2024-03-01 00:00:00","2024-03-04 16:39:30"
"68","6","1","68.jpg","68",,"1","2024-03-01 00:00:00","2024-03-04 16:39:30"
"69","6","1","69.jpg","69",,"1","2024-03-01 00:00:00","2024-03-04 16:39:30"
"70","6","1","70.jpg","70",,"1","2024-03-01 00:00:00","2024-03-04 16:39:30"
"71","6","1","71.jpg","71",,"1","2024-03-01 00:00:00","2024-03-04 16:39:30"
"72","6","1","72.jpg","72",,"1","2024-03-01 00:00:00","2024-03-04 16:39:30"
"73","6","1","73.jpg","73",,"1","2024-03-01 00:00:00","2024-03-04 16:39:30"
"74","6","1","74.jpg","74",,"1","2024-03-01 00:00:00","2024-03-04 16:39:30"
"75","6","1","75.jpg","75",,"1","2024-03-01 00:00:00","2024-03-04 16:39:30"
"76","6","1","76.jpg","76",,"1","2024-03-01 00:00:00","2024-03-04 16:39:30"
"77","6","1","77.jpg","77",,"1","2024-03-01 00:00:00","2024-03-04 16:39:30"
"78","6","1","78.jpg","78",,"1","2024-03-01 00:00:00","2024-03-04 16:39:30"
"79","6","1","79.jpg","79",,"1","2024-03-01 00:00:00","2024-03-04 16:39:30"
"80","6","1","80.jpg","80",,"1","2024-03-01 00:00:00","2024-03-04 16:39:30"
"81","6","1","81.jpg","81",,"1","2024-03-01 00:00:00","2024-03-04 16:39:30"
"82","7","1","82.jpg","82",,"1","2024-03-01 00:00:00","2024-03-04 16:39:30"
"83","7","1","83.jpg","83",,"1","2024-03-01 00:00:00","2024-03-04 16:39:30"
"84","7","1","84.jpg","84",,"1","2024-03-01 00:00:00","2024-03-04 16:39:30"
"85","7","1","85.jpg","85",,"1","2024-03-01 00:00:00","2024-03-04 16:39:30"
"86","7","1","86.jpg","86",,"1","2024-03-01 00:00:00","2024-03-04 16:39:30"
"87","7","1","87.jpg","87",,"1","2024-03-01 00:00:00","2024-03-04 16:39:30"
"88","7","1","88.jpg","88",,"1","2024-03-01 00:00:00","2024-03-04 16:39:30"
"89","7","1","89.jpg","89",,"1","2024-03-01 00:00:00","2024-03-04 16:39:30"
"90","7","1","90.jpg","90",,"1","2024-03-01 00:00:00","2024-03-04 16:39:30"
"91","7","1","91.jpg","91",,"1","2024-03-01 00:00:00","2024-03-04 16:39:30"
"92","7","0","4JXv23t402E","0","v","1","2024-03-01 00:00:00","2024-03-06 15:25:14"
"93","8","1","93.jpg","93",,"1","2024-03-01 00:00:00","2024-03-04 16:39:30"
"94","8","1","94.jpg","94",,"1","2024-03-01 00:00:00","2024-03-04 16:39:30"
"95","8","1","95.jpg","95",,"1","2024-03-01 00:00:00","2024-03-04 16:39:30"
"96","8","1","96.jpg","96",,"1","2024-03-01 00:00:00","2024-03-04 16:39:30"
"97","8","1","97.jpg","97",,"1","2024-03-01 00:00:00","2024-03-04 16:39:30"
"98","8","1","98.jpg","98",,"1","2024-03-01 00:00:00","2024-03-04 16:39:30"
"99","8","1","99.jpg","99",,"1","2024-03-01 00:00:00","2024-03-04 16:39:30"
"100","8","1","100.jpg","100",,"1","2024-03-01 00:00:00","2024-03-04 16:39:30"
"101","8","1","101.jpg","101",,"1","2024-03-01 00:00:00","2024-03-04 16:39:30"
"102","8","1","102.jpg","102",,"1","2024-03-01 00:00:00","2024-03-04 16:39:30"
"103","8","1","103.jpg","103",,"1","2024-03-01 00:00:00","2024-03-04 16:39:30"
"104","8","1","104.jpg","104",,"1","2024-03-01 00:00:00","2024-03-04 16:39:30"
"105","8","1","105.jpg","105",,"1","2024-03-01 00:00:00","2024-03-04 16:39:30"
"106","8","1","106.jpg","106",,"1","2024-03-01 00:00:00","2024-03-04 16:39:30"
"107","8","0","9D7iKwQySCE","0","v","1","2024-03-01 00:00:00","2024-03-06 15:20:46"
"108","8","0","XwvjYf7Za9w","0","v","1","2024-03-01 00:00:00","2024-03-06 15:20:40"
"109","9","0","HcjlnQzNQlo","0","v","1","2024-03-01 00:00:00","2024-03-06 15:26:52"
"110","9","0","C3XpwhcITy0","0","v","1","2024-03-01 00:00:00","2024-03-06 15:27:08"
"111","10","1","111.jpg","111",,"1","2024-03-01 00:00:00","2024-03-04 16:39:30"
"112","10","1","112.jpg","112",,"1","2024-03-01 00:00:00","2024-03-04 16:39:30"
"113","10","1","113.jpg","113",,"1","2024-03-01 00:00:00","2024-03-04 16:39:30"
"114","10","1","114.jpg","114",,"1","2024-03-01 00:00:00","2024-03-04 16:39:30"
"115","10","1","115.jpg","115",,"1","2024-03-01 00:00:00","2024-03-04 16:39:30"
"116","10","1","116.jpg","116",,"1","2024-03-01 00:00:00","2024-03-04 16:39:30"
"117","10","1","117.jpg","117",,"1","2024-03-01 00:00:00","2024-03-04 16:39:30"
"118","10","1","118.jpg","118",,"1","2024-03-01 00:00:00","2024-03-04 16:39:30"
"119","10","1","119.jpg","119",,"1","2024-03-01 00:00:00","2024-03-04 16:39:30"
"120","11","1","120.jpg","120",,"1","2024-03-01 00:00:00","2024-03-04 16:39:30"
"121","11","1","121.jpg","121",,"1","2024-03-01 00:00:00","2024-03-04 16:39:30"
"122","11","1","122.jpg","122",,"1","2024-03-01 00:00:00","2024-03-04 16:39:30"
"123","12","1","123.jpg","123",,"1","2024-03-01 00:00:00","2024-03-04 16:39:30"
"124","12","1","124.jpg","124",,"1","2024-03-01 00:00:00","2024-03-04 16:39:30"
"125","12","1","125.jpg","125",,"1","2024-03-01 00:00:00","2024-03-04 16:39:30"
"126","12","1","126.jpg","126",,"1","2024-03-01 00:00:00","2024-03-04 16:39:30"
"127","12","1","127.jpg","127",,"1","2024-03-01 00:00:00","2024-03-04 16:39:30"
"128","12","1","128.jpg","128",,"1","2024-03-01 00:00:00","2024-03-04 16:39:30"
"129","12","1","129.jpg","129",,"1","2024-03-01 00:00:00","2024-03-04 16:39:30"
"130","12","1","130.jpg","130",,"1","2024-03-01 00:00:00","2024-03-04 16:39:30"
"131","12","1","131.jpg","131",,"1","2024-03-01 00:00:00","2024-03-04 16:39:30"
"132","12","1","132.jpg","132",,"1","2024-03-01 00:00:00","2024-03-04 16:39:30"
"133","12","1","133.jpg","133",,"1","2024-03-01 00:00:00","2024-03-04 16:39:30"
"134","12","1","134.jpg","134",,"1","2024-03-01 00:00:00","2024-03-04 16:39:30"
"135","12","1","135.jpg","135",,"1","2024-03-01 00:00:00","2024-03-04 16:39:30"
"136","12","1","136.jpg","136",,"1","2024-03-01 00:00:00","2024-03-04 16:39:30"
"137","12","1","137.jpg","137",,"1","2024-03-01 00:00:00","2024-03-04 16:39:30"
"138","13","1","138.jpg","138",,"1","2024-03-01 00:00:00","2024-03-04 16:39:30"
"139","13","1","139.jpg","139",,"1","2024-03-01 00:00:00","2024-03-04 16:39:30"
"140","13","1","140.jpg","140",,"1","2024-03-01 00:00:00","2024-03-04 16:39:30"
"141","13","1","141.jpg","141",,"1","2024-03-01 00:00:00","2024-03-04 16:39:30"
"142","13","1","142.jpg","142",,"1","2024-03-01 00:00:00","2024-03-04 16:39:30"
"143","13","1","143.jpg","143",,"1","2024-03-01 00:00:00","2024-03-04 16:39:30"
"144","13","1","144.jpg","144",,"1","2024-03-01 00:00:00","2024-03-04 16:39:30"
"145","13","1","145.jpg","145",,"1","2024-03-01 00:00:00","2024-03-04 16:39:30"
"146","13","1","146.jpg","146",,"1","2024-03-01 00:00:00","2024-03-04 16:39:30"
"147","13","1","147.jpg","147",,"1","2024-03-01 00:00:00","2024-03-04 16:39:30"
"148","13","1","148.jpg","148",,"1","2024-03-01 00:00:00","2024-03-04 16:39:30"
"149","13","1","149.jpg","149",,"1","2024-03-01 00:00:00","2024-03-04 16:39:30"
"150","13","1","150.jpg","150",,"1","2024-03-01 00:00:00","2024-03-04 16:39:30"
"151","13","1","151.jpg","151",,"1","2024-03-01 00:00:00","2024-03-04 16:39:30"
"152","13","1","152.jpg","152",,"1","2024-03-01 00:00:00","2024-03-04 16:39:30"
"153","13","1","153.jpg","153",,"1","2024-03-01 00:00:00","2024-03-04 16:39:30"
"154","13","1","154.jpg","154",,"1","2024-03-01 00:00:00","2024-03-04 16:39:30"
"155","13","1","155.jpg","155",,"1","2024-03-01 00:00:00","2024-03-04 16:39:30"
"156","13","1","156.jpg","156",,"1","2024-03-01 00:00:00","2024-03-04 16:39:30"
"157","13","1","157.jpg","157",,"1","2024-03-01 00:00:00","2024-03-04 16:39:30"
"158","13","1","158.jpg","158",,"1","2024-03-01 00:00:00","2024-03-04 16:39:30"
"159","13","1","159.jpg","159",,"1","2024-03-01 00:00:00","2024-03-04 16:39:30"
"160","14","1","160.jpg","160",,"1","2024-03-01 00:00:00","2024-03-04 16:39:30"
"161","14","1","161.jpg","161",,"1","2024-03-01 00:00:00","2024-03-04 16:39:30"
"162","14","1","162.jpg","162",,"1","2024-03-01 00:00:00","2024-03-04 16:39:30"
"163","14","1","163.jpg","163",,"1","2024-03-01 00:00:00","2024-03-04 16:39:30"
"164","14","1","164.jpg","164",,"1","2024-03-01 00:00:00","2024-03-04 16:39:30"
"165","14","1","165.jpg","165",,"1","2024-03-01 00:00:00","2024-03-04 16:39:30"
"166","14","1","166.jpg","166",,"1","2024-03-01 00:00:00","2024-03-04 16:39:30"
"167","15","1","167.jpg","167",,"1","2024-03-01 00:00:00","2024-03-04 16:39:30"
"168","15","1","168.jpg","168",,"1","2024-03-01 00:00:00","2024-03-04 16:39:30"
"169","15","1","169.jpg","169",,"1","2024-03-01 00:00:00","2024-03-04 16:39:30"
"170","15","1","170.jpg","170",,"1","2024-03-01 00:00:00","2024-03-04 16:39:30"
"171","15","1","171.jpg","171",,"1","2024-03-01 00:00:00","2024-03-04 16:39:30"
"172","15","1","172.jpg","172",,"1","2024-03-01 00:00:00","2024-03-04 16:39:30"
"173","15","1","173.jpg","173",,"1","2024-03-01 00:00:00","2024-03-04 16:39:30"
"174","15","1","174.jpg","174",,"1","2024-03-01 00:00:00","2024-03-04 16:39:30"
"175","15","1","175.jpg","175",,"1","2024-03-01 00:00:00","2024-03-04 16:39:30"
"176","15","1","176.jpg","176",,"1","2024-03-01 00:00:00","2024-03-04 16:39:30"
"177","16","1","177.jpg","177",,"1","2024-03-01 00:00:00","2024-03-04 16:39:30"
"178","16","1","178.jpg","178",,"1","2024-03-01 00:00:00","2024-03-04 16:39:30"
"179","16","1","179.jpg","179",,"1","2024-03-01 00:00:00","2024-03-04 16:39:30"
"180","16","1","180.jpg","180",,"1","2024-03-01 00:00:00","2024-03-04 16:39:30"
"181","16","1","181.jpg","181",,"1","2024-03-01 00:00:00","2024-03-04 16:39:30"
"182","16","1","182.jpg","182",,"1","2024-03-01 00:00:00","2024-03-04 16:39:30"
"183","16","1","183.jpg","183",,"1","2024-03-01 00:00:00","2024-03-04 16:39:30"
"184","16","1","184.jpg","184",,"1","2024-03-01 00:00:00","2024-03-04 16:39:30"
"185","16","1","185.jpg","185",,"1","2024-03-01 00:00:00","2024-03-04 16:39:30"
"186","16","1","186.jpg","186",,"1","2024-03-01 00:00:00","2024-03-04 16:39:30"
"187","16","1","187.jpg","187",,"1","2024-03-01 00:00:00","2024-03-04 16:39:30"
"188","16","1","188.jpg","188",,"1","2024-03-01 00:00:00","2024-03-04 16:39:30"
"189","16","1","189.jpg","189",,"1","2024-03-01 00:00:00","2024-03-04 16:39:30"
"190","16","1","190.jpg","190",,"1","2024-03-01 00:00:00","2024-03-04 16:39:30"
"191","16","1","191.jpg","191",,"1","2024-03-01 00:00:00","2024-03-04 16:39:30"
"192","17","1","192.jpg","192",,"1","2024-03-01 00:00:00","2024-03-06 16:12:43"
"193","17","1","193.jpg","193",,"1","2024-03-01 00:00:00","2024-03-06 16:12:41"
"194","17","1","194.jpg","194",,"1","2024-03-01 00:00:00","2024-03-06 16:12:38"
"195","17","1","195.jpg","195",,"1","2024-03-01 00:00:00","2024-03-06 16:12:36"
"196","17","1","196.jpg","196",,"1","2024-03-01 00:00:00","2024-03-06 16:12:34"
"197","17","1","197.jpg","197",,"1","2024-03-01 00:00:00","2024-03-06 16:12:32"
"198","17","1","198.jpg","198",,"1","2024-03-01 00:00:00","2024-03-06 16:12:30"
"199","17","1","199.jpg","199",,"1","2024-03-01 00:00:00","2024-03-06 16:12:28"
"200","17","1","200.jpg","200",,"1","2024-03-01 00:00:00","2024-03-06 16:12:26"
"201","17","1","201.jpg","201",,"1","2024-03-01 00:00:00","2024-03-06 16:12:24"
"202","17","1","202.jpg","202",,"1","2024-03-01 00:00:00","2024-03-06 16:12:20"
"203","17","1","203.jpg","203",,"1","2024-03-01 00:00:00","2024-03-06 16:12:17"
"204","17","1","204.jpg","204",,"1","2024-03-01 00:00:00","2024-03-06 16:12:15"
"205","17","1","205.jpg","205",,"1","2024-03-01 00:00:00","2024-03-06 16:12:14"
"206","17","1","206.jpg","206",,"1","2024-03-01 00:00:00","2024-03-06 16:12:11"
"207","17","1","207.jpg","207",,"1","2024-03-01 00:00:00","2024-03-06 16:12:10"
"208","17","1","208.jpg","208",,"1","2024-03-01 00:00:00","2024-03-06 16:12:08"
"209","17","1","209.jpg","209",,"1","2024-03-01 00:00:00","2024-03-06 16:12:06"
"210","17","1","210.jpg","210",,"1","2024-03-01 00:00:00","2024-03-06 16:12:04"
"211","17","1","211.jpg","211",,"1","2024-03-01 00:00:00","2024-03-06 16:11:48"
"212","17","1","212.jpg","212",,"1","2024-03-01 00:00:00","2024-03-06 16:11:45"
"213","17","1","213.jpg","213",,"1","2024-03-01 00:00:00","2024-03-06 16:11:42"
"214","17","1","214.jpg","214",,"1","2024-03-01 00:00:00","2024-03-06 16:11:40"
"215","17","1","215.jpg","215",,"1","2024-03-01 00:00:00","2024-03-06 16:11:38"
"216","17","1","216.jpg","216",,"1","2024-03-01 00:00:00","2024-03-06 16:11:33"
"217","17","1","217.jpg","217",,"1","2024-03-01 00:00:00","2024-03-06 16:11:30"
"218","17","1","218.jpg","218",,"1","2024-03-01 00:00:00","2024-03-06 16:11:28"
"219","17","1","219.jpg","219",,"1","2024-03-01 00:00:00","2024-03-06 16:11:25"
"220","17","1","220.jpg","220",,"1","2024-03-01 00:00:00","2024-03-06 16:11:23"
"221","17","1","221.jpg","221",,"1","2024-03-01 00:00:00","2024-03-06 16:11:20"
"222","17","1","222.jpg","222",,"1","2024-03-01 00:00:00","2024-03-06 16:11:17"
"223","17","1","223.jpg","223",,"1","2024-03-01 00:00:00","2024-03-06 16:11:10"
"224","18","1","224.jpg","224",,"1","2024-03-01 00:00:00","2024-03-04 16:39:30"
"225","18","1","225.jpg","225",,"1","2024-03-01 00:00:00","2024-03-04 16:39:30"
"226","18","1","226.jpg","226",,"1","2024-03-01 00:00:00","2024-03-04 16:39:30"
"227","18","1","227.jpg","227",,"1","2024-03-01 00:00:00","2024-03-04 16:39:30"
"228","18","1","228.jpg","228",,"1","2024-03-01 00:00:00","2024-03-04 16:39:30"
"229","18","1","229.jpg","229",,"1","2024-03-01 00:00:00","2024-03-04 16:39:30"
"230","18","1","230.jpg","230",,"1","2024-03-01 00:00:00","2024-03-04 16:39:30"
"231","18","1","231.jpg","231",,"1","2024-03-01 00:00:00","2024-03-04 16:39:30"
"232","18","1","232.jpg","232",,"1","2024-03-01 00:00:00","2024-03-04 16:39:30"
"233","18","1","233.jpg","233",,"1","2024-03-01 00:00:00","2024-03-04 16:39:30"
"234","18","1","234.jpg","234",,"1","2024-03-01 00:00:00","2024-03-04 16:39:30"
"235","18","1","235.jpg","235",,"1","2024-03-01 00:00:00","2024-03-04 16:39:30"
"236","18","1","236.jpg","236",,"1","2024-03-01 00:00:00","2024-03-04 16:39:30"
"237","18","1","237.jpg","237",,"1","2024-03-01 00:00:00","2024-03-04 16:39:30"
"238","18","1","238.jpg","238",,"1","2024-03-01 00:00:00","2024-03-04 16:39:30"
"239","18","1","239.jpg","239",,"1","2024-03-01 00:00:00","2024-03-04 16:39:30"
"240","18","1","240.jpg","240",,"1","2024-03-01 00:00:00","2024-03-04 16:39:30"
"241","18","1","241.jpg","241",,"1","2024-03-01 00:00:00","2024-03-04 16:39:30"
"242","18","1","242.jpg","242",,"1","2024-03-01 00:00:00","2024-03-04 16:39:30"
"243","18","1","243.jpg","243",,"1","2024-03-01 00:00:00","2024-03-04 16:39:30"
"244","18","1","244.jpg","244",,"1","2024-03-01 00:00:00","2024-03-04 16:39:30"
"245","18","1","245.jpg","245",,"1","2024-03-01 00:00:00","2024-03-04 16:39:30"
"246","18","1","246.jpg","246",,"1","2024-03-01 00:00:00","2024-03-04 16:39:30"
"247","18","1","247.jpg","247",,"1","2024-03-01 00:00:00","2024-03-04 16:39:30"
"248","18","1","248.jpg","248",,"1","2024-03-01 00:00:00","2024-03-04 16:39:30"
"249","18","1","249.jpg","249",,"1","2024-03-01 00:00:00","2024-03-04 16:39:30"
"250","18","1","250.jpg","250",,"1","2024-03-01 00:00:00","2024-03-04 16:39:30"
"251","18","1","251.jpg","251",,"1","2024-03-01 00:00:00","2024-03-04 16:39:30"
"252","18","1","252.jpg","252",,"1","2024-03-01 00:00:00","2024-03-04 16:39:30"
"253","18","1","253.jpg","253",,"1","2024-03-01 00:00:00","2024-03-04 16:39:30"
"254","18","1","254.jpg","254",,"1","2024-03-01 00:00:00","2024-03-04 16:39:30"
"255","18","1","255.jpg","255",,"1","2024-03-01 00:00:00","2024-03-04 16:39:30"
"256","18","1","256.jpg","256",,"1","2024-03-01 00:00:00","2024-03-04 16:39:30"
"257","18","1","257.jpg","257",,"1","2024-03-01 00:00:00","2024-03-04 16:39:30"
"258","18","1","258.jpg","258",,"1","2024-03-01 00:00:00","2024-03-04 16:39:30"
"259","18","1","259.jpg","259",,"1","2024-03-01 00:00:00","2024-03-04 16:39:30"
"260","18","1","260.jpg","260",,"1","2024-03-01 00:00:00","2024-03-04 16:39:30"
"261","18","1","261.jpg","261",,"1","2024-03-01 00:00:00","2024-03-04 16:39:30"
"262","18","1","262.jpg","262",,"1","2024-03-01 00:00:00","2024-03-04 16:39:30"
"263","18","1","263.jpg","263",,"1","2024-03-01 00:00:00","2024-03-04 16:39:30"
"264","18","1","264.jpg","264",,"1","2024-03-01 00:00:00","2024-03-04 16:39:30"
"265","18","1","265.jpg","265",,"1","2024-03-01 00:00:00","2024-03-04 16:39:30"
"266","18","1","266.jpg","266",,"1","2024-03-01 00:00:00","2024-03-04 16:39:30"
"267","18","1","267.jpg","267",,"1","2024-03-01 00:00:00","2024-03-04 16:39:30"
"268","18","1","268.jpg","268",,"1","2024-03-01 00:00:00","2024-03-04 16:39:30"
"269","18","1","269.jpg","269",,"1","2024-03-01 00:00:00","2024-03-04 16:39:30"
"270","18","1","270.jpg","270",,"1","2024-03-01 00:00:00","2024-03-04 16:39:30"
"271","18","1","271.jpg","271",,"1","2024-03-01 00:00:00","2024-03-04 16:39:30"
"272","18","1","272.jpg","272",,"1","2024-03-01 00:00:00","2024-03-04 16:39:30"
"273","18","1","273.jpg","273",,"1","2024-03-01 00:00:00","2024-03-04 16:39:30"
"274","18","1","274.jpg","274",,"1","2024-03-01 00:00:00","2024-03-04 16:39:30"
"275","18","1","275.jpg","275",,"1","2024-03-01 00:00:00","2024-03-04 16:39:30"
"276","18","1","276.jpg","276",,"1","2024-03-01 00:00:00","2024-03-04 16:39:30"
"277","18","1","277.jpg","277",,"1","2024-03-01 00:00:00","2024-03-04 16:39:30"
"278","18","1","278.jpg","278",,"1","2024-03-01 00:00:00","2024-03-04 16:39:30"
"279","18","1","279.jpg","279",,"1","2024-03-01 00:00:00","2024-03-04 16:39:30"
"280","18","1","280.jpg","280",,"1","2024-03-01 00:00:00","2024-03-04 16:39:30"
"281","18","1","281.jpg","281",,"1","2024-03-01 00:00:00","2024-03-04 16:39:30"
"282","18","1","282.jpg","282",,"1","2024-03-01 00:00:00","2024-03-04 16:39:30"
"283","18","1","283.jpg","283",,"1","2024-03-01 00:00:00","2024-03-04 16:39:30"
"284","18","1","284.jpg","284",,"1","2024-03-01 00:00:00","2024-03-04 16:39:30"
"285","18","1","285.jpg","285",,"1","2024-03-01 00:00:00","2024-03-04 16:39:30"
"286","18","1","286.jpg","286",,"1","2024-03-01 00:00:00","2024-03-04 16:39:30"
"287","18","1","287.jpg","287",,"1","2024-03-01 00:00:00","2024-03-04 16:39:30"
"288","18","1","288.jpg","288",,"1","2024-03-01 00:00:00","2024-03-04 16:39:30"
"289","18","1","289.jpg","289",,"1","2024-03-01 00:00:00","2024-03-04 16:39:30"
"290","18","1","290.jpg","290",,"1","2024-03-01 00:00:00","2024-03-04 16:39:30"
"291","18","1","291.jpg","291",,"1","2024-03-01 00:00:00","2024-03-04 16:39:30"
"292","18","1","292.jpg","292",,"1","2024-03-01 00:00:00","2024-03-04 16:39:30"
"293","18","1","293.jpg","293",,"1","2024-03-01 00:00:00","2024-03-04 16:39:30"
"294","18","1","294.jpg","294",,"1","2024-03-01 00:00:00","2024-03-04 16:39:30"
"295","18","1","295.jpg","295",,"1","2024-03-01 00:00:00","2024-03-04 16:39:30"
"296","18","1","296.jpg","296",,"1","2024-03-01 00:00:00","2024-03-04 16:39:30"
"297","18","1","297.jpg","297",,"1","2024-03-01 00:00:00","2024-03-04 16:39:30"
"298","18","1","298.jpg","298",,"1","2024-03-01 00:00:00","2024-03-04 16:39:30"
"299","18","1","299.jpg","299",,"1","2024-03-01 00:00:00","2024-03-04 16:39:30"
"300","18","1","300.jpg","300",,"1","2024-03-01 00:00:00","2024-03-04 16:39:30"
"301","18","1","301.jpg","301",,"1","2024-03-01 00:00:00","2024-03-04 16:39:30"
"302","18","1","302.jpg","302",,"1","2024-03-01 00:00:00","2024-03-04 16:39:30"
"303","18","1","303.jpg","303",,"1","2024-03-01 00:00:00","2024-03-04 16:39:30"
"304","18","1","304.jpg","304",,"1","2024-03-01 00:00:00","2024-03-04 16:39:30"
"305","18","1","305.jpg","305",,"1","2024-03-01 00:00:00","2024-03-04 16:39:30"
"306","18","1","306.jpg","306",,"1","2024-03-01 00:00:00","2024-03-04 16:39:30"
"307","18","1","307.jpg","307",,"1","2024-03-01 00:00:00","2024-03-04 16:39:30"
"308","18","1","308.jpg","308",,"1","2024-03-01 00:00:00","2024-03-04 16:39:30"
"309","18","1","309.jpg","309",,"1","2024-03-01 00:00:00","2024-03-05 17:37:13"
"310","19","1","310.jpg","310",,"1","2024-03-01 00:00:00","2024-03-04 16:39:30"
"311","19","1","311.jpg","311",,"1","2024-03-01 00:00:00","2024-03-04 16:39:30"
"312","19","1","312.jpg","312",,"1","2024-03-01 00:00:00","2024-03-04 16:39:30"
"313","19","1","313.jpg","313",,"1","2024-03-01 00:00:00","2024-03-04 16:39:30"
"314","19","1","314.jpg","314",,"1","2024-03-01 00:00:00","2024-03-04 16:39:30"
"315","19","1","315.jpg","315",,"1","2024-03-01 00:00:00","2024-03-04 16:39:30"
"316","19","1","316.jpg","316",,"1","2024-03-01 00:00:00","2024-03-04 16:39:30"
"317","19","1","317.jpg","317",,"1","2024-03-01 00:00:00","2024-03-04 16:39:30"
"318","19","1","318.jpg","318",,"1","2024-03-01 00:00:00","2024-03-04 16:39:30"
"319","19","1","319.jpg","319",,"1","2024-03-01 00:00:00","2024-03-04 16:39:30"
"320","19","1","320.jpg","320",,"1","2024-03-01 00:00:00","2024-03-04 16:39:30"
"321","19","1","321.jpg","321",,"1","2024-03-01 00:00:00","2024-03-04 16:39:30"
"322","19","1","322.jpg","322",,"1","2024-03-01 00:00:00","2024-03-04 16:39:30"
"323","19","1","323.jpg","323",,"1","2024-03-01 00:00:00","2024-03-04 16:39:06"
"356","36","1","356.jpg","356",,"1","2024-03-05 18:06:04","2024-03-05 18:06:04"
"358","36","1","358.png","358","fdsa","1","2024-03-05 18:22:09","2024-03-05 18:22:09"
"359","36","1","359.jpg","359",,"1","2024-03-06 12:17:19","2024-03-06 12:17:19"
"370","35","1","370.jpg","370","asdfasdf","1","2024-03-06 13:56:43","2024-03-06 13:56:43"
"371","36","0","YkxrbxoqHDw","0","Test Video","1","2024-03-06 14:04:34","2024-03-06 17:28:44"
"372","36","0","YkxrbxoqHDw","0","New Video","1","2024-03-06 14:04:34","2024-03-06 17:28:33"
"373","36","1","373.jpg","373","na25_2_1","0","2024-03-06 15:53:51","2024-03-06 17:36:07"
"374","35","1","374.jpg","374",,"1","2024-03-06 17:20:53","2024-03-06 17:20:53"
